N,chi2,dof,p_value,CFI,RMSEA,SRMR
30000,70353.09824526207,56,0.0,0.9077847834294971,0.2045602739792473,0.0769098000440076
