space,k,silhouette
EFA_F1-5,3,0.28587883595126057
PCA_PC1-5,3,0.2776646443660762
EFA_F1-10,2,0.17724583297957294
PCA_PC1-10,3,0.1668125631523608
