component,explained_var_ratio
1,0.9995123367420549
2,0.00030666377980800673
3,8.595318742834282e-05
