cluster,count,mean,std,min,50%,90%,95%,99%,max
0,41626.0,0.7125813961029053,0.5825868248939514,0.08569107204675674,0.6191896796226501,1.1202221512794495,1.3531562685966492,2.126523733139038,21.63983154296875
1,164449.0,0.8185787200927734,1.7807472944259644,0.08355195820331573,0.6251004338264465,1.1829636096954346,1.5339717388153078,4.806015739440838,221.9774627685547
