cluster,z1,z2,z3,z4,z5
0,0.025628801,0.0127706,0.0030743924,0.0047448333,1.3217216
1,-0.003934881,0.0016285825,0.0023042308,-0.0019849667,-0.3229181
